{"ARG": {"rel_capper": -33.89862871201288, "rel_epop": -2.8416241941001785, "rel_gdpper": -105.37782039636525, "rel_hours": -6.179411775290333, "rel_humcap": -12.747299103556333, "rel_tfp": -49.710856611405504}, "AUS": {"rel_capper": 3.7187419305095837, "rel_epop": 3.944220457187031, "rel_gdpper": -17.984310249450353, "rel_hours": -1.4718864734628134, "rel_humcap": -3.648443995091799, "rel_tfp": -20.5269421685923}, "AUT": {"rel_capper": 14.206785751632722, "rel_epop": 3.648749193075873, "rel_gdpper": -16.030952586481995, "rel_hours": -6.083970442688003, "rel_humcap": -6.893000330393121, "rel_tfp": -20.909516758109525}, "BEL": {"rel_capper": 12.261641701813453, "rel_epop": -8.01955401762644, "rel_gdpper": -30.019597516888297, "rel_hours": -7.124005925136778, "rel_humcap": -11.632298319875487, "rel_tfp": -15.505380956063064}, "BGD": {"rel_capper": -82.91553035599763, "rel_epop": -11.979840377652295, "rel_gdpper": -258.769691979089, "rel_hours": 20.997254027856727, "rel_humcap": -38.58604366714882, "rel_tfp": -146.28553160614698}, "BGR": {"rel_capper": -38.933949055279186, "rel_epop": 1.040095145541775, "rel_gdpper": -108.24750514703484, "rel_hours": -4.697115135426966, "rel_humcap": -10.853950749284905, "rel_tfp": -54.80258535258562}, "BRA": {"rel_capper": -39.07338426465845, "rel_epop": -5.166119750405784, "rel_gdpper": -146.68056050662344, "rel_hours": -2.209588499540205, "rel_humcap": -12.864321744473491, "rel_tfp": -87.36714624754552}, "CAN": {"rel_capper": 3.6425352950810286, "rel_epop": 4.655693692503293, "rel_gdpper": -22.105802244369777, "rel_hours": -2.9362647496986582, "rel_humcap": -0.5046690315695102, "rel_tfp": -26.963097450686035}, "CHE": {"rel_capper": 19.34566768146473, "rel_epop": 12.8456255945459, "rel_gdpper": 18.850761416666195, "rel_hours": -8.377418704781281, "rel_humcap": -0.8349173552839317, "rel_tfp": -4.128195799279233}, "CHL": {"rel_capper": -21.515456369456842, "rel_epop": -7.884857936437706, "rel_gdpper": -98.197402052749, "rel_hours": 5.403822099413302, "rel_humcap": -11.701458922854552, "rel_tfp": -62.49945092341322}, "CHN": {"rel_capper": -36.15740723666767, "rel_epop": 9.787586048225588, "rel_gdpper": -147.1378864292161, "rel_hours": 13.725459384575878, "rel_humcap": -21.913580084006387, "rel_tfp": -112.57994454134356}, "COL": {"rel_capper": -52.3504952745772, "rel_epop": -8.869371816055317, "rel_gdpper": -150.90588804982553, "rel_hours": 7.257164790973292, "rel_humcap": -24.435693130283973, "rel_tfp": -72.50749261988236}, "CRI": {"rel_capper": -49.9199016678765, "rel_epop": -4.8925720551797, "rel_gdpper": -121.02213377225243, "rel_hours": 10.589140064199043, "rel_humcap": -22.0177805500991, "rel_tfp": -54.781019563296155}, "CYP": {"rel_capper": 5.57398011505601, "rel_epop": -8.720960040665659, "rel_gdpper": -63.72085588183509, "rel_hours": 1.4897667745539245, "rel_humcap": -17.023743058075116, "rel_tfp": -45.039899672704294}, "CZE": {"rel_capper": 1.74969315068072, "rel_epop": 4.2598264325945046, "rel_gdpper": -51.337443388805326, "rel_hours": 0.8330233214350891, "rel_humcap": -1.34776181072212, "rel_tfp": -56.83222448279359}, "DEU": {"rel_capper": 5.957484146219194, "rel_epop": 7.254388966114905, "rel_gdpper": -19.04366342731052, "rel_hours": -16.118867952632378, "rel_humcap": -1.3282852518579524, "rel_tfp": -14.808383335154307}, "DNK": {"rel_capper": 9.23715649068182, "rel_epop": 4.529909371015018, "rel_gdpper": -14.737920041103614, "rel_hours": -16.388213503753548, "rel_humcap": -2.7233734823462252, "rel_tfp": -9.393398916700768}, "DOM": {"rel_capper": -35.53474352536639, "rel_epop": -0.5102824615788482, "rel_gdpper": -123.26861712877886, "rel_hours": 12.896044573266252, "rel_humcap": -20.250724930338503, "rel_tfp": -79.8689107847614}, "ECU": {"rel_capper": -38.02384102062648, "rel_epop": -0.8920098201927129, "rel_gdpper": -172.1363027556512, "rel_hours": -8.602178624849133, "rel_humcap": -20.3636789582974, "rel_tfp": -104.25459433168554}, "ESP": {"rel_capper": 5.973722953060445, "rel_epop": -8.230221401293282, "rel_gdpper": -43.188570847258134, "rel_hours": -3.0677886638470486, "rel_humcap": -15.189649071212848, "rel_tfp": -22.67463466396542}, "EST": {"rel_capper": -7.895935731235593, "rel_epop": 3.587864856349893, "rel_gdpper": -61.49714793683323, "rel_hours": 1.19273732804146, "rel_humcap": -1.6170758427051402, "rel_tfp": -56.76473854728394}, "FIN": {"rel_capper": 3.3692122401303592, "rel_epop": 0.3102219187100075, "rel_gdpper": -33.20808251766891, "rel_hours": -6.945079256738929, "rel_humcap": -4.503070930656403, "rel_tfp": -25.439366489114068}, "FRA": {"rel_capper": 8.08298049859566, "rel_epop": -8.473981124204721, "rel_gdpper": -35.01973127972047, "rel_hours": -10.640817795527546, "rel_humcap": -9.937037489743735, "rel_tfp": -14.050875368840199}, "GBR": {"rel_capper": 2.714205818006299, "rel_epop": 1.011215698784984, "rel_gdpper": -33.56796325506348, "rel_hours": -3.7835313829346795, "rel_humcap": 0.42987896494565137, "rel_tfp": -33.939732353865715}, "GRC": {"rel_capper": 5.204852794794945, "rel_epop": -11.578521549810727, "rel_gdpper": -81.57344532347608, "rel_hours": 9.524520604535702, "rel_humcap": -11.92331706943933, "rel_tfp": -72.8009801035567}, "HKG": {"rel_capper": 16.84525746248795, "rel_epop": 5.137713684927609, "rel_gdpper": -22.656976592276834, "rel_hours": 13.066138350988066, "rel_humcap": -9.162507248691924, "rel_tfp": -48.54357884198856}, "HRV": {"rel_capper": -11.980369182244566, "rel_epop": -5.937000844376083, "rel_gdpper": -83.36888250559173, "rel_hours": 2.446130284890158, "rel_humcap": -2.3606376841342316, "rel_tfp": -65.53700507972708}, "HUN": {"rel_capper": -11.57663720037454, "rel_epop": 0.7495446696802244, "rel_gdpper": -74.0504756360874, "rel_hours": -1.5325153905171085, "rel_humcap": -6.185112933294201, "rel_tfp": -55.505754781581814}, "IDN": {"rel_capper": -38.701508798324326, "rel_epop": 0.5019252567549592, "rel_gdpper": -169.32296042604077, "rel_hours": 8.980844100095542, "rel_humcap": -32.92199964119735, "rel_tfp": -107.18222134336956}, "IND": {"rel_capper": -69.70954512162999, "rel_epop": -18.556934299433802, "rel_gdpper": -223.2035591340573, "rel_hours": 12.297021052545798, "rel_humcap": -36.42110373019036, "rel_tfp": -110.81299703534899}, "IRL": {"rel_capper": 19.864039777910847, "rel_epop": -2.5551857952910706, "rel_gdpper": 43.775186826736956, "rel_hours": 0.2499652051150214, "rel_humcap": -10.86437827460021, "rel_tfp": 37.08074591360236}, "ISL": {"rel_capper": 9.292910787399578, "rel_epop": 10.99525120131749, "rel_gdpper": -18.34526927262221, "rel_hours": -12.912552338153915, "rel_humcap": -8.870415863142918, "rel_tfp": -16.850463060042475}, "ISR": {"rel_capper": -12.520511038985838, "rel_epop": 2.0879647338348075, "rel_gdpper": -43.66092864743916, "rel_hours": 4.931150933366979, "rel_humcap": 2.4816505216243456, "rel_tfp": -40.64118379727945}, "ITA": {"rel_capper": 13.233160338914018, "rel_epop": -8.617074159756033, "rel_gdpper": -42.74052588051749, "rel_hours": -1.8188558238702246, "rel_humcap": -11.434625878358604, "rel_tfp": -34.10313035744661}, "JPN": {"rel_capper": -0.6124030269273106, "rel_epop": 9.122759530115415, "rel_gdpper": -44.125932046387284, "rel_hours": -2.8650958599275356, "rel_humcap": -2.8211991398822467, "rel_tfp": -46.94999354976561}, "KHM": {"rel_capper": -93.25517890881723, "rel_epop": 6.410282697398667, "rel_gdpper": -265.0518111494101, "rel_hours": 22.52385804139534, "rel_humcap": -43.11747521311554, "rel_tfp": -157.6132977662714}, "KOR": {"rel_capper": 1.3617389869536645, "rel_epop": 5.591943748682215, "rel_gdpper": -37.81700197489464, "rel_hours": 7.6340417403799155, "rel_humcap": 0.28001864129466036, "rel_tfp": -52.68474509220509}, "LKA": {"rel_capper": -56.26332824059044, "rel_epop": -15.08681354013721, "rel_gdpper": -154.49302048177634, "rel_hours": 5.685756830760047, "rel_humcap": -18.096335381544648, "rel_tfp": -70.73230015026412}, "LTU": {"rel_capper": -14.118973464446682, "rel_epop": 2.5608009993888627, "rel_gdpper": -62.771409876122775,